{
  "lang":"fr",
  "name":"pipeline",
  "version":"0.0.0",
  "spacy_version":">=3.5.4,<3.6.0",
  "description":"",
  "author":"",
  "email":"",
  "url":"",
  "license":"",
  "spacy_git_version":"7a2833bf2",
  "vectors":{
    "width":0,
    "vectors":0,
    "keys":0,
    "name":null,
    "mode":"default"
  },
  "labels":{
    "tok2vec":[

    ],
    "ner":[
      "EQUIPE",
      "LIGUE",
      "PAYS",
      "PERSON",
      "SAISON"
    ]
  },
  "pipeline":[
    "tok2vec",
    "ner"
  ],
  "components":[
    "tok2vec",
    "ner"
  ],
  "disabled":[

  ],
  "performance":{
    "ents_f":0.997995992,
    "ents_p":0.9977103606,
    "ents_r":0.9982817869,
    "ents_per_type":{
      "PAYS":{
        "p":0.9953703704,
        "r":1.0,
        "f":0.9976798144
      },
      "LIGUE":{
        "p":0.9963369963,
        "r":0.9963369963,
        "f":0.9963369963
      },
      "SAISON":{
        "p":1.0,
        "r":1.0,
        "f":1.0
      },
      "PERSON":{
        "p":0.9982110912,
        "r":0.9982110912,
        "f":0.9982110912
      },
      "EQUIPE":{
        "p":0.9909090909,
        "r":0.9909090909,
        "f":0.9909090909
      }
    },
    "tok2vec_loss":428.0525022084,
    "ner_loss":168.2950591962
  }
}